ID,Original Question,Original Answer,1st Question,1st Choices,1st Answer,2nd Answer,3rd Question,3rd Answer,,Decision,Any changes need to be made?,Notes
,What is type 2 diabetes?,"A chronic condition that affects the way your body metabolizes sugar (glucose), often due to insulin resistance or insufficient insulin production.",What is Type 2 diabetes?,"A) A condition where the body produces too much insulin
B) A chronic condition that affects the body's ability to metabolize sugar
C) A condition where the body is unable to produce insulin
D) A viral infection affecting the pancreas   ",Answer: B) A chronic condition that affects the body's ability to metabolize sugar,,,,,,,
,What are the symptoms of type 2 diabetes?,"Increased thirst, frequent urination, extreme fatigue, blurred vision, slow-healing wounds, and frequent infections.","What is a common symptom of type 2 diabetes?
","A) Increased thirst
B) Increased appetite
C) Hair loss
D) Dry skin",Answer: A) Increased thirst,,,,,,,
,What causes type 2 diabetes?,"Factors include genetics, being overweight, inactivity, and insulin resistance. Obesity is a major risk factor.",Which of the following is a major risk factor for type 2 diabetes?,"A) Smoking
B) Obesity
C) High blood pressure
D) Stress
","
Answer: B) Obesity",,,,,,,
,How is type 2 diabetes diagnosed?,"Through blood tests measuring blood sugar levels, typically the A1C test, fasting plasma glucose test, or oral glucose tolerance test.",How is type 2 diabetes commonly diagnosed?,"A) Through an eye examination
B) Through blood tests measuring blood sugar levels
C) Through a physical exam
D) Through a urine test
","
Answer: B) Through blood tests measuring blood sugar levels",,,,,,,
,What is the difference between type 1 and type 2 diabetes?,"Type 1 is an autoimmune condition with no insulin production, while type 2 involves insulin resistance and a gradual insulin deficiency.",What is a characteristic of Type 1 diabetes?,"A) Insulin resistance
B) Insulin production is absent
C) Gradual insulin deficiency
D) Excessive insulin production","

Answer: B) Insulin production is absent",,,,,,,
,Can type 2 diabetes be reversed?,"Some individuals may achieve remission through significant lifestyle changes such as weight loss and dietary modifications, but it is not universally considered reversible.",Can type 2 diabetes be reversed?,"A) Yes, it can always be reversed.
B) It can be reversed in all cases with medication.
C) It can be reversed in some cases through lifestyle changes.
D) It cannot be reversed under any circumstances.","

Answer: C) It can be reversed in some cases through lifestyle changes.",,,,,,,
,How can I manage type 2 diabetes?,"Through a healthy diet, regular exercise, maintaining a healthy weight, monitoring blood sugar levels, and following healthcare recommendations on medications.",What type of foods are typically included in a diabetic diet?,"A) Processed snacks and sweets
B) Fresh, whole foods like vegetables and fruits
C) Fried foods and fast food
D) Only low-calorie foods

","Answer: B) Fresh, whole foods like vegetables and fruits",,,,,,,
,What is a diabetic diet?,"Focuses on fresh, whole foods including vegetables, fruits, whole grains, lean proteins, and healthy fats, with attention to carbohydrate counting and portion control.",Can type 2 diabetes be reversed?,"A) Yes, type 2 diabetes can always be reversed.
B) No, type 2 diabetes cannot be reversed.
C) Some individuals may achieve remission through lifestyle changes.
D) Type 2 diabetes is only reversible through medication.
","
Answer: C) Some individuals may achieve remission through lifestyle changes.",,,,,,,
,How does exercise affect type 2 diabetes?,Regular exercise helps lower blood sugar levels and improves overall health and insulin sensitivity.,"What is one benefit of regular exercise for people with type 2 diabetes?

","A) It increases blood sugar levels.
B) It improves insulin sensitivity.
C) It decreases heart rate.
D) It causes weight gain.","

Answer: B) It improves insulin sensitivity.",,,,,,,
,What medications are commonly prescribed for type 2 diabetes?,"Metformin as the first-line treatment, and potentially sulfonylureas, DPP-4 inhibitors, GLP-1 receptor agonists, and insulin based on individual needs.","What is the first-line medication commonly prescribed for type 2 diabetes?
","A) Insulin
B) Metformin
C) Sulfonylureas
D) DPP-4 inhibitors

","
Answer: B) Metformin",,,,,,,
,How does insulin work in type 2 diabetes?,"Insulin helps cells absorb glucose from the bloodstream; in type 2 diabetes, the response to insulin is diminished, necessitating higher levels for the same effect.", What is the primary role of insulin in the body?,"A) To increase blood glucose levels
B) To help cells absorb glucose from the bloodstream
C) To convert glucose into fat
D) To break down glucose in the liver","

Answer: B) To help cells absorb glucose from the bloodstream",,,,,,,
,What are the long-term complications of type 2 diabetes?,"Complications include cardiovascular disease, nerve damage, kidney damage, eye problems (retinopathy), foot damage, and skin issues.",What is one of the long-term complications of type 2 diabetes?," A) Heart disease
B) Common cold
C) Flu
D) Sunburn","

Answer: A) Heart disease",,,,,,,
,How often should I check my blood sugar levels?,Monitoring frequency varies based on treatment and individual goals; consult a healthcare provider for a personalized plan.,How often should blood sugar levels be checked?,"A) Every day
B) It varies based on treatment and individual goals
C) Only when feeling unwell
D) Once a week","

Answer: B) It varies based on treatment and individual goals",,,,,,,
,What is a healthy blood sugar range for someone with type 2 diabetes?,"Generally, A1C levels should be below 7%, with blood glucose levels between 80-130 mg/dL before meals and under 180 mg/dL after meals.",What is the recommended A1C level for someone with type 2 diabetes?,A) Below 5% B) Below 6% C) Below 7% D) Below 8%,"
Answer: C) Below 7%",,,,,,,
,How can I prevent type 2 diabetes?,"Maintaining a healthy weight, regular physical activity, a balanced diet, and routine health check-ups can help prevent type 2 diabetes, especially if there are risk factors.",Which of the following is a key strategy to prevent type 2 diabetes?," A) Maintaining a healthy weight
B) Increasing sugar intake
C) Avoiding physical activity
D) Eating only processed foods","

Answer: A) Maintaining a healthy weight",,,,,,,
,Can stress affect blood sugar levels?,"Yes, stress can raise blood sugar levels due to stress hormones, affecting insulin effectiveness and glucose metabolism.",Can stress affect blood sugar levels?,"A) No, stress has no impact on blood sugar levels.
B) Yes, stress can lower blood sugar levels.
C) Yes, stress can raise blood sugar levels.
D) Yes, stress has no effect on blood sugar levels.","

Answer: C) Yes, stress can raise blood sugar levels.",,,,,,,
,Are there any natural remedies for type 2 diabetes?,"Some natural remedies (e.g., cinnamon, aloe vera) show promise but should not replace conventional treatments; always consult a healthcare provider.",Which of the following natural remedies is mentioned as potentially helpful for type 2 diabetes?,"Options:
A) Lavender
B) Cinnamon
C) Ginger
D) Echinacea","

Answer: B) Cinnamon",,,,,,,
,How do I read food labels for carbohydrate content?,"Look for total carbohydrates on the label, paying attention to serving size and choosing foods with lower added sugars and higher fiber content."," What should you look for on a food label to find carbohydrate content?
","A) Protein content
B) Total carbohydrates
C) Calories
D) Fat content","

Answer: B) Total carbohydrates",,,,,,,
,What role does weight loss play in managing type 2 diabetes?,"Losing weight can improve insulin sensitivity and help control blood sugar levels, reducing the likelihood of complications.",What effect does weight loss have on people with type 2 diabetes?,"A) It decreases blood pressure.
B) It improves insulin sensitivity.
C) It increases the risk of complications.
D) It increases the need for medication.","

Answer: B) It improves insulin sensitivity.",,,,,,,
,How can I avoid diabetic complications?,"Regular check-ups, blood sugar monitoring, a healthy lifestyle, medication adherence, and managing blood pressure and cholesterol levels are vital.",Which of the following is a key method to avoid diabetic complications?,"A) Regular check-ups
B) Eating processed foods
C) Skipping medication
D) Avoiding exercise","

Answer: A) Regular check-ups",,,,,,,
,What lifestyle changes can help manage type 2 diabetes?,"Eating a balanced diet, regular physical activity, managing stress, and avoiding tobacco use are key changes.", Which of the following is a recommended lifestyle change for managing type 2 diabetes?,"A) Eating a balanced diet
B) Drinking sugary beverages
C) Engaging in prolonged sitting
D) Avoiding regular physical activity","

Answer: A) Eating a balanced diet",,,,,,,
,Is there a link between type 2 diabetes and heart disease?,"Yes, people with type 2 diabetes have a higher risk of cardiovascular disease due to shared risk factors like obesity and high blood pressure.",What is the link between type 2 diabetes and heart disease?,"A) Type 2 diabetes reduces the risk of heart disease.
B) Type 2 diabetes has no effect on the risk of heart disease.
C) People with type 2 diabetes have a higher risk of heart disease.
D) Type 2 diabetes only affects the kidneys, not the heart.","

Answer: C) People with type 2 diabetes have a higher risk of heart disease.",,,,,,,
,How does sleep affect type 2 diabetes?,"Poor sleep can lead to insulin resistance and affect hunger hormones, contributing to weight gain and higher blood sugar levels.",How does poor sleep affect type 2 diabetes?,A) It improves insulin sensitivity and lowers blood sugar levels. B) It leads to insulin resistance and affects hunger hormones. C) It decreases the need for insulin in the body. D) It helps maintain healthy blood sugar levels.,"

Answer: B) It leads to insulin resistance and affects hunger hormones.",,,,,,,
,What are the best snacks for someone with type 2 diabetes?,"Healthy snacks include nuts, yogurt, raw vegetables with hummus, or small portions of fruit—balanced with protein and fiber.",Which of the following is considered a healthy snack for someone with type 2 diabetes?,"A) Potato chips
B) Yogurt
C) Candy bars
D) Sweets and pastries
","

Answer: B) Yogurt",,,,,,,
,How often should I see my doctor if I have type 2 diabetes?,"Regular check-ups should generally be at least twice a year, with more frequent visits as needed based on the treatment plan.",How often should a person with type 2 diabetes have regular check-ups?,"A) Once a year
B) At least twice a year
C) Every month
D) Only when symptoms worsen
","
Answer: B) At least twice a year",,,,,,,
,Can type 2 diabetes be hereditary?,"Yes, genetics plays a role in type 2 diabetes risk; having a family history can increase risk.",What role does genetics play in type 2 diabetes?,"A) Genetics has no effect on type 2 diabetes.
B) Genetics decreases the risk of type 2 diabetes.
C) Genetics increases the risk of type 2 diabetes.
D) Genetics only affects type 1 diabetes risk.","

Answer: C) Genetics increases the risk of type 2 diabetes.",,,,,,,
,What tests will I need to monitor my diabetes management?,"Tests include A1C tests, lipid profiles, kidney function tests, and routine foot and eye exams.",Which of the following tests is commonly used to monitor diabetes management?,"A) A1C test
B) Blood pressure test
C) Heart rate test
D) Oxygen level test","

Answer: A) A1C test",,,,,,,
,How does alcohol consumption impact type 2 diabetes?,"Alcohol can affect blood sugar levels; moderation is essential, and it's important to discuss alcohol use with a healthcare provider.",How does alcohol consumption impact blood sugar levels in people with type 2 diabetes?,"A) It helps lower blood sugar levels
B) It has no impact on blood sugar levels
C) It can affect blood sugar levels
D) It only raises blood pressure","

Answer: C) It can affect blood sugar levels",,,,,,,
,What are the signs of hypoglycemia?,"Symptoms include shakiness, sweating, confusion, irritability, and in severe cases, seizures or loss of consciousness.",What is a common symptom of hypoglycemia?,"A) Shakiness
B) Headache
C) Nausea
D) Fever","

Answer: A) Shakiness",,,,,,,
,Can I eat bread if I have type 2 diabetes?,"Yes, but choose whole grain and high-fiber options, and monitor portion sizes, as bread contains carbohydrates.",Can people with type 2 diabetes eat bread?,"A) No, they should avoid bread entirely.
B) Yes, but only white bread.
C) Yes, but choose whole grain and high-fiber options.
D) Yes, but they should eat unlimited amounts.


","
Answer: C) Yes, but choose whole grain and high-fiber options.",,,,,,,
,How does fiber intake affect blood sugar levels?,"High-fiber foods can slow the absorption of sugar, leading to better blood sugar control.",What effect does fiber intake have on blood sugar levels?,"A) It increases sugar absorption.
B) It has no effect on sugar absorption.
C) It slows the absorption of sugar.
D) It speeds up the absorption of sugar.","

Answer: C) It slows the absorption of sugar.",,,,,,,
,What is the role of carbohydrates in a diabetic diet?,"Carbohydrates affect blood glucose levels, so managing carbohydrate intake is crucial for blood sugar control.",What is the role of carbohydrates in a diabetic diet?,"A) They help in the digestion of proteins.
B) They affect blood glucose levels.
C) They reduce fat intake.
D) They provide essential vitamins.","

Answer: B) They affect blood glucose levels.",,,,,,,
,How does high blood pressure relate to type 2 diabetes?,High blood pressure is common in individuals with diabetes due to shared risk factors and can lead to cardiovascular complications.,What is a common condition that occurs alongside type 2 diabetes?,"A) High blood pressure
B) Asthma
C) Arthritis
D) Kidney stones","

Answer: A) High blood pressure",,,,,,,
,What are the best types of exercise for managing type 2 diabetes?,"Aerobic exercises (like walking, cycling) and strength training are beneficial for improving insulin sensitivity and controlling blood sugar.",What type of exercise is beneficial for managing type 2 diabetes?,"A) Stretching exercises
B) Aerobic exercises and strength training
C) High-intensity interval training
D) Yoga only
","
Answer: B) Aerobic exercises and strength training",,,,,,,
,Can type 2 diabetes lead to kidney problems?,"Yes, diabetes is a leading cause of kidney disease due to damage to the blood vessels in the kidneys.",What is a common cause of kidney disease?,"A) High blood pressure
B) Diabetes
C) Heart disease
D) Stroke","

Answer: B) Diabetes",,,,,,,
,How can I improve my insulin sensitivity?,"Weight loss, regular physical activity, a balanced diet low in processed foods, and managing stress can all improve insulin sensitivity.",Which of the following is a method to improve insulin sensitivity?,"A) Weight loss
B) Eating more processed foods
C) Avoiding physical activity
D) Increased sugar intake","

Answer: A) Weight loss",,,,,,,
,Is continuous glucose monitoring helpful for type 2 diabetes?,Continuous glucose monitoring (CGM) can offer real-time insights into blood sugar trends and improve management.,What does continuous glucose monitoring (CGM) provide for individuals with type 2 diabetes?,"A) Long-term insulin doses
B) Real-time insights into blood sugar trends
C) A cure for type 2 diabetes
D) A method for reducing blood pressure","

Answer: B) Real-time insights into blood sugar trends",,,,,,,
,How do I create a meal plan for type 2 diabetes?,"Consider portion sizes, carbohydrate counting, and including a variety of foods; consulting a registered dietitian can be very helpful.",What is one key factor to consider when creating a meal plan for type 2 diabetes?,"A) Ignoring portion sizes
B) Counting carbohydrates
C) Only eating fruits
D) Avoiding all fats","

Answer: B) Counting carbohydrates",,,,,,,
,What is the impact of refined sugars on blood sugar levels?,Refined sugars can cause rapid spikes in blood sugar and should be limited in a diabetic diet.,What is the effect of refined sugars on blood sugar levels?,"A) They cause rapid spikes in blood sugar levels.
B) They stabilize blood sugar levels.
C) They decrease blood sugar levels.
D) They have no effect on blood sugar levels.","

Answer: A) They cause rapid spikes in blood sugar levels.",,,,,,,
,How can I deal with diabetes burnout?,"Seek support from healthcare providers, connect with others who have diabetes, and consider speaking with a mental health professional if needed.",What is one way to deal with diabetes burnout?,"A) Ignore your symptoms
B) Seek support from healthcare providers
C) Avoid talking about your condition
D) Stop taking medication","

Answer: B) Seek support from healthcare providers",,,,,,,
,Can children get type 2 diabetes?,"Yes, the incidence of type 2 diabetes in children is increasing, especially with rising obesity rates.",Can children get type 2 diabetes?,"A) No, only adults can get type 2 diabetes.
B) Yes, but it's very rare.
C) Yes, the incidence is increasing, especially with rising obesity rates.
D) No, type 2 diabetes only occurs in people with genetic conditions.","

Answer: C) Yes, the incidence is increasing, especially with rising obesity rates.",,,,,,,
,What is the role of cholesterol in type 2 diabetes management?,Maintaining healthy cholesterol levels is important to prevent cardiovascular complications.,What is the role of cholesterol in type 2 diabetes management?,"A) It helps to maintain healthy blood sugar levels.
B) It contributes to maintaining healthy cholesterol levels.
C) It causes the body to gain weight.
D) It has no role in type 2 diabetes management.","

Answer: B) It contributes to maintaining healthy cholesterol levels.",,,,,,,
,How does type 2 diabetes affect mental health?,"People with type 2 diabetes may experience anxiety or depression, which can affect diabetes management.",Which of the following mental health conditions is commonly associated with type 2 diabetes?,"A) Anxiety
B) Schizophrenia
C) Bipolar disorder
D) Obsessive-compulsive disorder","

Answer: A) Anxiety",,,,,,,
,What are the best foods for breakfast if you have type 2 diabetes?,"Good options include oatmeal, whole-grain toast with protein, Greek yogurt, and fruits with high fiber.",Which of the following is a good breakfast option for someone with type 2 diabetes?,"A) Oatmeal
B) Pancakes with syrup
C) Bacon and eggs
D) Croissant with butter","

Answer: A) Oatmeal",,,,,,,
,Can I still enjoy sweets if I have type 2 diabetes?,"Yes, but moderation is key. Balance sweet treats with carbohydrate intake and monitor blood sugar levels.",Can someone with type 2 diabetes still enjoy sweets?,"A) No, sweets should be avoided completely.
B) Yes, but only in large quantities.
C) Yes, but in moderation.
D) No, sweets are strictly prohibited.","

Answer: C) Yes, but in moderation.",,,,,,,
,What should I do if my blood sugar is too high?,"Take prescribed medications, drink water, increase physical activity, and monitor levels closely. Consult your healthcare provider for guidance.",What is one of the steps to take if your blood sugar is too high?,"A) Stop drinking water
B) Take prescribed medications
C) Ignore your blood sugar levels
D) Skip physical activity","

Answer: B) Take prescribed medications",,,,,,,
,Are there specific vitamins or supplements that help with diabetes?,"Some supplements, like vitamin D and omega-3s, may help; however, it’s crucial to discuss any supplement use with your healthcare provider.",Which of the following supplements may help with diabetes?,"A) Vitamin C
B) Vitamin D
C) Iron
D) Calcium","

Answer: B) Vitamin D",,,,,,,
,What is diabetic retinopathy and how is it connected to type 2 diabetes?,"Diabetic retinopathy is eye damage due to high blood sugar levels affecting the retina, and early detection through regular eye exams is vital.",What is diabetic retinopathy?,"A) Eye damage caused by high blood sugar levels affecting the retina
B) A condition where the retina is exposed to too much light
C) A form of cataracts caused by low blood sugar levels
D) Inflammation in the retina caused by high cholesterol","

Answer: A) Eye damage caused by high blood sugar levels affecting the retina",,,,,,,
,How does gestational diabetes relate to type 2 diabetes later in life?,Women with gestational diabetes have a higher risk of developing type 2 diabetes later in life.,What is the relationship between gestational diabetes and type 2 diabetes?,"A) Women with gestational diabetes are less likely to develop type 2 diabetes later in life.
B) Women with gestational diabetes have a higher risk of developing type 2 diabetes later in life.
C) Gestational diabetes is unrelated to type 2 diabetes.
D) Gestational diabetes automatically leads to type 2 diabetes.","

Answer: B) Women with gestational diabetes have a higher risk of developing type 2 diabetes later in life.",,,,,,,
,What should I know about diabetes and skin care?,Diabetics need to be cautious with skin care to prevent infections and slow-healing wounds; keeping skin clean and moisturized is essential.,What is essential for diabetics when it comes to skin care?,"A) Keeping the skin clean and moisturized
B) Avoiding sunlight
C) Using only natural products
D) Shaving the skin regularly","

Answer: A) Keeping the skin clean and moisturized",,,,,,,
,How can I manage diabetes while traveling?,"Plan ahead, pack medications and snacks, monitor blood sugar regularly, and stay active.",What is one important step to manage diabetes while traveling?,"A) Avoid all physical activity
B) Skip meals for convenience
C) Pack medications and snacks
D) Increase sugar intake","

Answer: C) Pack medications and snacks",,,,,,,
,Can my diabetes medication change over time?,"Yes, treatment plans may change based on blood sugar levels, lifestyle changes, and any side effects experienced.",What factors can lead to changes in a diabetes treatment plan?,"A) Age alone
B) Blood sugar levels, lifestyle changes, and side effects
C) Weather conditions
D) Type of insurance coverage","

Answer: B) Blood sugar levels, lifestyle changes, and side effects",,,,,,,
,What should I discuss with my healthcare provider regarding type 2 diabetes?,"Discuss blood sugar goals, medication options, lifestyle changes, and any health concerns you may have.",What is one important topic to discuss with your healthcare provider if you have type 2 diabetes?,"A) Favorite movies
B) Blood sugar goals
C) Vacation plans
D) Favorite foods","

Answer: B) Blood sugar goals",,,,,,,
,How do I handle dining out with diabetes?,"Review menus in advance, look for healthy options, and don’t hesitate to ask about ingredients and preparation methods.",What is a recommended strategy for dining out with diabetes?,"A) Always eat fast food
B) Review menus ahead of time for healthy options
C) Avoid asking about food preparation
D) Skip meals before eating out","

Answer: B) Review menus ahead of time for healthy options",,,,,,,
,What resources are available for education and support for managing type 2 diabetes?,"Resources include the American Diabetes Association website, local diabetes education programs, support groups, and nutrition workshops.",Which of the following is a resource commonly recommended for managing type 2 diabetes?,"A) Online gaming platforms
B) The American Diabetes Association website
C) Weather forecasting apps
D) Travel blogs","

Answer: B) The American Diabetes Association website",,,,,,,
,What ethnicities are at highest risk for type 2 diabetes?,"Ethnicities at higher risk include African Americans, Hispanic/Latino Americans, Native Americans, Asian Americans, and Pacific Islanders. Being part of these ethnic groups increases susceptibility to developing type 2 diabetes.",Which of the following ethnic groups is at higher risk of developing type 2 diabetes?,"A) African Americans
B) Caucasian Americans
C) Scandinavian Americans
D) Middle Eastern Americans","

Answer: A) African Americans",,,,,,,